<?xml version="1.0" encoding="utf-8"?>
<!--Created using XmlSitemapGenerator.org - Free HTML, RSS and XML sitemap generator-->
<rss version="2.0">
  <channel>
    <title> Fit mit Hanno - der sportliche Adventkalender</title>
    <link>http://fitmithanno.fun</link>
    <description />
    <item>
      <guid>http://fitmithanno.fun/</guid>
      <title> Fit mit Hanno - der sportliche Adventkalender</title>
      <link>http://fitmithanno.fun/</link>
      <description>Der sportliche Adventkalender mit individuellen Workouts je nach Fitnesslevel, Tagesverfassung und Zeitaufwand begleitet von Elf Hanno und Rentier Rudolf</description>
    </item>
    <item>
      <guid>http://fitmithanno.fun/impressum.php</guid>
      <title>Impressum</title>
      <link>http://fitmithanno.fun/impressum.php</link>
      <description />
    </item>
    <item>
      <guid>http://fitmithanno.fun/about.php</guid>
      <title>Über die Workouts</title>
      <link>http://fitmithanno.fun/about.php</link>
      <description />
    </item>
    <item>
      <guid>http://fitmithanno.fun/register.php</guid>
      <title>Login &amp; Registration System</title>
      <link>http://fitmithanno.fun/register.php</link>
      <description />
    </item>
    <item>
      <guid>http://fitmithanno.fun/login.php</guid>
      <title>Login &amp; Registration System</title>
      <link>http://fitmithanno.fun/login.php</link>
      <description />
    </item>
    <item>
      <guid>http://fitmithanno.fun/contact.php</guid>
      <title>Contact us!</title>
      <link>http://fitmithanno.fun/contact.php</link>
      <description />
    </item>
    <item>
      <guid>http://fitmithanno.fun/index.php</guid>
      <title> Fit mit Hanno - der sportliche Adventkalender</title>
      <link>http://fitmithanno.fun/index.php</link>
      <description>Der sportliche Adventkalender mit individuellen Workouts je nach Fitnesslevel, Tagesverfassung und Zeitaufwand begleitet von Elf Hanno und Rentier Rudolf</description>
    </item>
    <item>
      <guid>http://fitmithanno.fun/team.php</guid>
      <title>Team</title>
      <link>http://fitmithanno.fun/team.php</link>
      <description />
    </item>
  </channel>
</rss>
<!--<guid value="1046feb9-ad34-44e4-920a-41e028571595" />-->
<!--Created using XmlSitemapGenerator.org - Free HTML, RSS and XML sitemap generator-->